id;systeme_chauffage_cogeneration;td_011_installation_chauffage;tr_004_type_energie;consommation_chauffage
1;payment Shoes Handmade Fresh Pizza;override Strategist Security;customized;37149
2;pink Generic content;panel Ball process improvement;Versatile;52721
3;Wall View;transmitter Awesome open system;online deploy Licensed Frozen Chicken;8372
4;Soft;Keyboard;Checking Account Tuna;59605
5;Home Loan Account hack Missouri;teal Checking Account;Specialist;72186
6;feed;Movies Utah Table;parse;17462
7;world-class repurpose e-commerce;calculate demand-driven Savings Account;Electronics Fresh Alabama;890
8;JSON bypassing Generic Cotton Bike;partnerships;Steel Isle programming;83976
9;Team-oriented;synthesize;compressing;6276
10;Crest;Centralized Salad;out-of-the-box time-frame;16399
